total,pospercent,BTC_change,VXX_change,XAU_change,change
258,0.6976744186046512,1214.25,-1.759999999999998,-3.2999999999999545,0.006564695069927857
161,0.8198757763975155,386.5,-0.40249999999999986,-8.690000000000055,-0.019664394336652263
118,0.7796610169491526,56.0,2.0,4.1749999999999545,0.019668261981247423
206,0.6407766990291263,-834.0,0.6325000000000003,12.330249999999978,-0.04606172270842422
232,0.603448275862069,156.0,-0.6449999999999996,2.8992500000001655,0.019729054320660723
246,0.7479674796747967,256.5,-0.48249999999999815,-1.5049999999998818,-0.03286878779908776
774,0.7829457364341085,-150.0,0.0,1.1827499999999418,0.0
402,0.7263681592039801,-83.0,0.5274999999999999,0.049250000000029104,-0.0328601472134559
264,0.696969696969697,156.75,0.0,-1.2774999999999181,-0.01969537815127291
